{"cameraMode":{"drawMode":0,"name":"Shaded","section":"Shading Mode"},"sceneLighting":true,"audioPlay":false,"sceneViewState":{"m_AlwaysRefresh":false,"showFog":true,"showSkybox":true,"showFlares":true,"showImageEffects":false,"showParticleSystems":true,"showVisualEffectGraphs":true,"m_FxEnabled":true},"in2DMode":false,"pivot":{"x":-6.410062789916992,"y":1.091148853302002,"z":0.5019702911376953},"rotation":{"x":-0.007087767124176025,"y":0.9668875932693481,"z":-0.25391021370887759,"w":-0.02696744166314602},"size":4.205461025238037,"orthographic":false}